Date,Product,Category,Region,Units,Revenue,Profit
2025-01-06,Aurora Headphones,Electronics,North,42,6299.58,1889.87
2025-01-09,Cedar Desk Lamp,Home,West,18,899.82,269.94
2025-01-14,Nimbus Water Bottle,Sports,South,65,974.35,389.74
2025-01-21,Lumen Notebook Set,Office,East,120,1438.80,575.52
2025-01-28,Harbor Yoga Mat,Sports,West,33,1484.67,593.87
2025-02-03,Pixel USB-C Hub,Electronics,North,27,2429.73,728.92
2025-02-11,Maple Cutting Board,Home,East,19,664.81,232.68
2025-02-18,Orbit Wireless Mouse,Electronics,South,51,2040.00,714.00
2025-02-24,Solstice Travel Mug,Home,North,47,1080.53,378.19
2025-03-04,Cascade Backpack,Sports,West,22,1979.78,692.92
2025-03-12,Quill Gel Pens,Office,South,210,629.79,283.41
2025-03-19,Nova Bluetooth Speaker,Electronics,East,16,1919.84,575.95
2025-03-26,Willow Throw Blanket,Home,North,14,769.86,269.45
2025-04-02,Summit Running Socks,Sports,East,88,703.12,281.25
2025-04-09,Atlas Monitor Stand,Office,West,11,989.89,346.46
2025-04-16,Breeze Desk Fan,Home,South,25,1124.75,337.43
2025-04-23,Comet Mechanical Keyboard,Electronics,North,13,1949.87,584.96
2025-04-30,Harbor Resistance Bands,Sports,East,40,799.60,319.84
2025-05-07,Cedar Plant Pot,Home,West,29,434.71,173.88
2025-05-14,Lumen Sticky Notes,Office,North,175,348.25,156.71
2025-05-21,Pulse Fitness Tracker,Electronics,South,9,1349.91,404.97
2025-05-28,Drift Camping Chair,Sports,West,12,1079.88,323.96
2025-06-04,Nimbus Sheet Set,Home,East,8,719.92,251.97
2025-06-11,Orbit Webcam,Electronics,West,21,1889.79,566.94
2025-06-18,Quill Binder Pack,Office,South,64,511.36,204.54
2025-06-25,Aurora LED Strip,Electronics,East,36,1079.64,377.87
2025-07-02,Willow Floor Cushion,Home,North,15,524.85,183.70
2025-07-09,Cascade Water Filter,Sports,South,20,1199.80,419.93
2025-07-16,Atlas File Organizer,Office,West,28,559.72,195.90
2025-07-23,Pixel Portable SSD,Electronics,North,7,1399.93,419.98
2025-07-30,Solstice Candle Set,Home,East,23,574.77,229.91
2025-08-06,Summit Jump Rope,Sports,North,54,539.46,215.78
2025-08-13,Comet Laptop Sleeve,Electronics,South,31,1239.69,433.89
2025-08-20,Maple Serving Tray,Home,West,17,509.83,178.44
2025-08-27,Lumen Whiteboard,Office,East,10,749.90,262.47
2025-09-03,Nova Phone Stand,Electronics,West,44,879.56,307.85
